object_id,type,state,color,x,y,angle,length,width,base_length,radius
0,boundary,Static,Black,128.0,-2.5,0.0,256.0,5.0,,
1,boundary,Static,Black,-2.5,128.0,0.0,5.0,256.0,,
2,boundary,Static,Black,128.0,258.5,0.0,256.0,5.0,,
3,boundary,Static,Black,258.5,128.0,0.0,5.0,256.0,,
4,bar,Static,Purple,128.0,2.559999942779541,0.0,256.0,5.12,,
5,jar,Dynamic,Gray,93.86666870117188,33.433311462402344,0.0,102.75494040569427,66.86662292480469,68.26666666666668,
6,circle,Dynamic,Green,93.86666870117188,217.28366088867188,,,,,12.5
7,User Circle,Dynamic,Red,68,180,,,,,22
