object_id,type,state,color,x,y,angle,length,width,base_length,radius
0,boundary,Static,Black,128.0,-2.5,0.0,256.0,5.0,,
1,boundary,Static,Black,-2.5,128.0,0.0,5.0,256.0,,
2,boundary,Static,Black,128.0,258.5,0.0,256.0,5.0,,
3,boundary,Static,Black,258.5,128.0,0.0,5.0,256.0,,
4,bar,Static,Purple,128.0,2.559999942779541,0.0,256.0,5.12,,
5,jar,Dynamic,Gray,196.2672119140625,7.939936637878418,1.5018603335192893e-05,102.75494040569427,15.879873275756836,68.26666666666668,
6,circle,Dynamic,Green,196.26666259765625,217.28366088867188,,,,,12.5
7,User Circle,Dynamic,Red,225,161,,,,,31
