object_id,type,state,color,x,y,angle,length,width,base_length,radius
0,boundary,Static,Black,128.0,-2.5,0.0,256.0,5.0,,
1,boundary,Static,Black,-2.5,128.0,0.0,5.0,256.0,,
2,boundary,Static,Black,128.0,258.5,0.0,256.0,5.0,,
3,boundary,Static,Black,258.5,128.0,0.0,5.0,256.0,,
4,bar,Static,Purple,128.0,2.559999942779541,0.0,256.0,5.12,,
5,jar,Dynamic,Gray,185.60000610351562,58.863670349121094,0.0,77.0662053042707,117.72734069824219,51.20000000000002,
6,circle,Dynamic,Green,185.60000610351562,217.28366088867188,,,,,12.5
7,User Circle,Dynamic,Red,197,32,,,,,21
