object_id,type,state,color,x,y,angle,length,width,base_length,radius
0,boundary,Static,Black,128.0,-2.5,0.0,256.0,5.0,,
1,boundary,Static,Black,-2.5,128.0,0.0,5.0,256.0,,
2,boundary,Static,Black,128.0,258.5,0.0,256.0,5.0,,
3,boundary,Static,Black,258.5,128.0,0.0,5.0,256.0,,
4,jar,Dynamic,Gray,49.17898178100586,1.9720323085784912,3.881665179505944e-06,25.688735101423568,3.9440646171569824,17.06666666666667,
5,bar,Dynamic,Green,50.17894744873047,67.9836654663086,1.5707963705062866,128.0,5.12,,
6,bar,Static,Purple,2.559999942779541,128.0,1.5707963705062866,256.0,5.12,,
7,User Circle,Dynamic,Red,62,219,,,,,18
