object_id,type,state,color,x,y,angle,length,width,base_length,radius
0,boundary,Static,Black,128.0,-2.5,0.0,256.0,5.0,,
1,boundary,Static,Black,-2.5,128.0,0.0,5.0,256.0,,
2,boundary,Static,Black,128.0,258.5,0.0,256.0,5.0,,
3,boundary,Static,Black,258.5,128.0,0.0,5.0,256.0,,
4,bar,Static,Purple,128.0,2.559999942779541,0.0,256.0,5.12,,
5,bar,Static,Black,177.94674682617188,114.32028198242188,6.195919036865234,19.200000000000003,5.12,,
6,bar,Static,Black,197.51992797851562,114.32028198242188,0.0872664600610733,19.200000000000003,5.12,,
7,circle,Dynamic,Green,187.73333740234375,128.77352905273438,,,,,12.5
8,User Circle,Dynamic,Red,207,223,,,,,23
