object_id,type,state,color,x,y,angle,length,width,base_length,radius
0,boundary,Static,Black,128.0,-2.5,0.0,256.0,5.0,,
1,boundary,Static,Black,-2.5,128.0,0.0,5.0,256.0,,
2,boundary,Static,Black,128.0,258.5,0.0,256.0,5.0,,
3,boundary,Static,Black,258.5,128.0,0.0,5.0,256.0,,
4,bar,Static,Purple,128.0,2.559999942779541,0.0,256.0,5.12,,
5,bar,Static,Black,143.81341552734375,105.78695678710938,6.195919036865234,19.200000000000003,5.12,,
6,bar,Static,Black,163.38658142089844,105.78695678710938,0.0872664600610733,19.200000000000003,5.12,,
7,circle,Dynamic,Green,153.60000610351562,120.24018859863281,,,,,12.5
8,User Circle,Dynamic,Red,113,199,,,,,32
