object_id,type,state,color,x,y,angle,length,width,base_length,radius
0,boundary,Static,Black,128.0,-2.5,0.0,256.0,5.0,,
1,boundary,Static,Black,-2.5,128.0,0.0,5.0,256.0,,
2,boundary,Static,Black,128.0,258.5,0.0,256.0,5.0,,
3,boundary,Static,Black,258.5,128.0,0.0,5.0,256.0,,
4,bar,Static,Purple,128.0,2.559999942779541,0.0,256.0,5.12,,
5,bar,Static,Black,181.1345672607422,131.10806274414062,6.195919036865234,12.8,5.12,,
6,bar,Static,Black,194.33209228515625,131.10806274414062,0.0872664600610733,12.8,5.12,,
7,circle,Dynamic,Green,187.73333740234375,145.84017944335938,,,,,12.5
8,User Circle,Dynamic,Red,207,223,,,,,23
