object_id,type,state,color,x,y,angle,length,width,base_length,radius
0,boundary,Static,Black,128.0,-2.5,0.0,256.0,5.0,,
1,boundary,Static,Black,-2.5,128.0,0.0,5.0,256.0,,
2,boundary,Static,Black,128.0,258.5,0.0,256.0,5.0,,
3,boundary,Static,Black,258.5,128.0,0.0,5.0,256.0,,
4,bar,Static,Purple,128.0,2.559999942779541,0.0,256.0,5.12,,
5,bar,Static,Black,38.225589752197266,80.46585083007812,6.195919036865234,25.6,5.12,,
6,bar,Static,Black,64.17440795898438,80.46585083007812,0.0872664600610733,25.6,5.12,,
7,circle,Dynamic,Green,51.20000457763672,94.64018249511719,,,,,12.5
8,User Circle,Dynamic,Red,49,148,,,,,31
