object_id,type,state,color,x,y,angle,length,width,base_length,radius
0,boundary,Static,Black,128.0,-2.5,0.0,256.0,5.0,,
1,boundary,Static,Black,-2.5,128.0,0.0,5.0,256.0,,
2,boundary,Static,Black,128.0,258.5,0.0,256.0,5.0,,
3,boundary,Static,Black,258.5,128.0,0.0,5.0,256.0,,
4,bar,Static,Purple,210.2777099609375,138.58074951171875,0.39269909262657166,102.39999999999998,5.12,,
5,bar,Static,Black,70.98712158203125,194.93292236328125,-0.3272492289543152,153.60000000000002,5.12,,
6,circle,Dynamic,Green,136.53334045410156,242.8836669921875,,,,,12.5
7,User Circle,Dynamic,Red,132,211,,,,,17
