object_id,type,state,color,x,y,angle,length,width,base_length,radius
0,boundary,Static,Black,128.0,-2.5,0.0,256.0,5.0,,
1,boundary,Static,Black,-2.5,128.0,0.0,5.0,256.0,,
2,boundary,Static,Black,128.0,258.5,0.0,256.0,5.0,,
3,boundary,Static,Black,258.5,128.0,0.0,5.0,256.0,,
4,bar,Static,Purple,235.10975646972656,74.75035858154297,0.5235987901687622,51.19999999999999,5.12,,
5,bar,Static,Black,90.41202545166016,158.51968383789062,-0.45814892649650574,204.8,5.12,,
6,circle,Dynamic,Green,85.33333587646484,242.8836669921875,,,,,12.5
7,User Circle,Dynamic,Red,191,185,,,,,28
