object_id,type,state,color,x,y,angle,length,width,base_length,radius
0,boundary,Static,Black,128.0,-2.5,0.0,256.0,5.0,,
1,boundary,Static,Black,-2.5,128.0,0.0,5.0,256.0,,
2,boundary,Static,Black,128.0,258.5,0.0,256.0,5.0,,
3,boundary,Static,Black,258.5,128.0,0.0,5.0,256.0,,
4,bar,Static,Purple,211.50784301757812,118.80783081054688,0.45814892649650574,102.39999999999998,5.12,,
5,bar,Static,Black,65.23075103759766,185.68368530273438,-0.5235987901687622,153.60000000000002,5.12,,
6,circle,Dynamic,Green,153.60000610351562,242.8836669921875,,,,,12.5
7,User Circle,Dynamic,Red,113,199,,,,,32
