object_id,type,state,color,x,y,angle,length,width,base_length,radius
0,boundary,Static,Black,128.0,-2.5,0.0,256.0,5.0,,
1,boundary,Static,Black,-2.5,128.0,0.0,5.0,256.0,,
2,boundary,Static,Black,128.0,258.5,0.0,256.0,5.0,,
3,boundary,Static,Black,258.5,128.0,0.0,5.0,256.0,,
4,bar,Static,Purple,128.0,2.559999942779541,0.0,256.0,5.12,,
5,bar,Static,Black,56.886165618896484,131.52639770507812,6.195919036865234,22.400000000000002,5.12,,
6,bar,Static,Black,79.64716339111328,131.52639770507812,0.0872664600610733,22.400000000000002,5.12,,
7,circle,Dynamic,Green,68.26667022705078,145.84017944335938,,,,,12.5
8,User Circle,Dynamic,Red,105,226,,,,,29
