object_id,type,state,color,x,y,angle,length,width,base_length,radius
0,boundary,Static,Black,128.0,-2.5,0.0,256.0,5.0,,
1,boundary,Static,Black,-2.5,128.0,0.0,5.0,256.0,,
2,boundary,Static,Black,128.0,258.5,0.0,256.0,5.0,,
3,boundary,Static,Black,258.5,128.0,0.0,5.0,256.0,,
4,bar,Static,Purple,128.0,2.559999942779541,0.0,256.0,5.12,,
5,bar,Static,Black,43.00732421875,54.44750213623047,6.195919036865234,16.0,5.12,,
6,bar,Static,Black,59.392677307128906,54.44750213623047,0.0872664600610733,16.0,5.12,,
7,circle,Dynamic,Green,51.20000457763672,69.0401840209961,,,,,12.5
8,User Circle,Dynamic,Red,68,228,,,,,15
