object_id,type,state,color,x,y,angle,length,width,base_length,radius
0,boundary,Static,Black,128.0,-2.5,0.0,256.0,5.0,,
1,boundary,Static,Black,-2.5,128.0,0.0,5.0,256.0,,
2,boundary,Static,Black,128.0,258.5,0.0,256.0,5.0,,
3,boundary,Static,Black,258.5,128.0,0.0,5.0,256.0,,
4,bar,Static,Purple,233.92901611328125,94.65071868896484,0.39269909262657166,51.19999999999999,5.12,,
5,bar,Static,Black,93.02493286132812,175.2407989501953,-0.39269909262657166,204.8,5.12,,
6,circle,Dynamic,Green,170.6666717529297,242.8836669921875,,,,,12.5
7,User Circle,Dynamic,Red,217,134,,,,,26
