object_id,type,state,color,x,y,angle,length,width,base_length,radius
0,boundary,Static,Black,128.0,-2.5,0.0,256.0,5.0,,
1,boundary,Static,Black,-2.5,128.0,0.0,5.0,256.0,,
2,boundary,Static,Black,128.0,258.5,0.0,256.0,5.0,,
3,boundary,Static,Black,258.5,128.0,0.0,5.0,256.0,,
4,bar,Static,Purple,128.0,2.559999942779541,0.0,256.0,5.12,,
5,bar,Static,Black,39.81949996948242,105.92639923095703,6.195919036865234,22.400000000000002,5.12,,
6,bar,Static,Black,62.58049774169922,105.92639923095703,0.0872664600610733,22.400000000000002,5.12,,
7,circle,Dynamic,Green,51.20000457763672,120.24018859863281,,,,,12.5
8,User Circle,Dynamic,Red,38,162,,,,,27
