object_id,type,state,color,x,y,angle,length,width,base_length,radius
0,boundary,Static,Black,128.0,-2.5,0.0,256.0,5.0,,
1,boundary,Static,Black,-2.5,128.0,0.0,5.0,256.0,,
2,boundary,Static,Black,128.0,258.5,0.0,256.0,5.0,,
3,boundary,Static,Black,258.5,128.0,0.0,5.0,256.0,,
4,bar,Static,Purple,234.46780395507812,84.72969818115234,0.45814892649650574,51.19999999999999,5.12,,
5,bar,Static,Black,95.22853088378906,157.65065002441406,-0.3272492289543152,204.8,5.12,,
6,circle,Dynamic,Green,187.73333740234375,242.8836669921875,,,,,12.5
7,User Circle,Dynamic,Red,166,179,,,,,20
