object_id,type,state,color,x,y,angle,length,width,base_length,radius
0,boundary,Static,Black,128.0,-2.5,0.0,256.0,5.0,,
1,boundary,Static,Black,-2.5,128.0,0.0,5.0,256.0,,
2,boundary,Static,Black,128.0,258.5,0.0,256.0,5.0,,
3,boundary,Static,Black,258.5,128.0,0.0,5.0,256.0,,
4,bar,Static,Black,68.26667022705078,130.55999755859375,0.0,136.53333333333333,5.12,,
5,bar,Dynamic,Green,133.97332763671875,158.77218627929688,1.5707334280014038,51.2,5.12,,
6,bar,Static,Purple,128.0,2.559999942779541,0.0,256.0,5.12,,
7,bar,Static,Black,128.0,238.0800018310547,0.0,256.0,5.12,,
8,User Circle,Dynamic,Red,122,204,,,,,14
