object_id,type,state,color,x,y,angle,length,width,base_length,radius
0,boundary,Static,Black,128.0,-2.5,0.0,256.0,5.0,,
1,boundary,Static,Black,-2.5,128.0,0.0,5.0,256.0,,
2,boundary,Static,Black,128.0,258.5,0.0,256.0,5.0,,
3,boundary,Static,Black,258.5,128.0,0.0,5.0,256.0,,
4,bar,Static,Purple,128.0,2.559999942779541,0.0,256.0,5.12,,
5,jar,Dynamic,Gray,211.20050048828125,7.770255088806152,1.8422826542519033e-05,77.0662053042707,15.540510177612305,51.20000000000002,
6,circle,Dynamic,Green,211.20001220703125,217.28366088867188,,,,,12.5
7,User Circle,Dynamic,Red,212,111,,,,,30
