object_id,type,state,color,x,y,angle,length,width,base_length,radius
0,boundary,Static,Black,128.0,-2.5,0.0,256.0,5.0,,
1,boundary,Static,Black,-2.5,128.0,0.0,5.0,256.0,,
2,boundary,Static,Black,128.0,258.5,0.0,256.0,5.0,,
3,boundary,Static,Black,258.5,128.0,0.0,5.0,256.0,,
4,bar,Static,Purple,128.0,2.559999942779541,0.0,256.0,5.12,,
5,jar,Dynamic,Gray,216.53334045410156,58.95457077026367,0.0,89.91057285498248,117.90914154052734,59.73333333333334,
6,circle,Dynamic,Green,216.53334045410156,191.68365478515625,,,,,12.5
7,User Circle,Dynamic,Red,233,37,,,,,7
