object_id,type,state,color,x,y,angle,length,width,base_length,radius
0,boundary,Static,Black,128.0,-2.5,0.0,256.0,5.0,,
1,boundary,Static,Black,-2.5,128.0,0.0,5.0,256.0,,
2,boundary,Static,Black,128.0,258.5,0.0,256.0,5.0,,
3,boundary,Static,Black,258.5,128.0,0.0,5.0,256.0,,
4,bar,Static,Black,157.25714111328125,111.36000061035156,0.0,119.46666666666667,5.12,,
5,bar,Dynamic,Green,100.08381652832031,152.37271118164062,1.5707666873931885,76.8,5.12,,
6,bar,Static,Purple,128.0,2.559999942779541,0.0,256.0,5.12,,
7,bar,Static,Black,128.0,244.47999572753906,0.0,256.0,5.12,,
8,User Circle,Dynamic,Red,109,205,,,,,13
