object_id,type,state,color,x,y,angle,length,width,base_length,radius
0,boundary,Static,Black,128.0,-2.5,0.0,256.0,5.0,,
1,boundary,Static,Black,-2.5,128.0,0.0,5.0,256.0,,
2,boundary,Static,Black,128.0,258.5,0.0,256.0,5.0,,
3,boundary,Static,Black,258.5,128.0,0.0,5.0,256.0,,
4,bar,Static,Black,128.8126983642578,92.16000366210938,0.0,119.46666666666667,5.12,,
5,bar,Dynamic,Green,71.63936614990234,133.17271423339844,1.570766806602478,76.8,5.12,,
6,bar,Static,Purple,128.0,2.559999942779541,0.0,256.0,5.12,,
7,bar,Static,Black,128.0,225.27999877929688,0.0,256.0,5.12,,
8,User Circle,Dynamic,Red,79,197,,,,,19
