object_id,type,state,color,x,y,angle,length,width,base_length,radius
0,boundary,Static,Black,128.0,-2.5,0.0,256.0,5.0,,
1,boundary,Static,Black,-2.5,128.0,0.0,5.0,256.0,,
2,boundary,Static,Black,128.0,258.5,0.0,256.0,5.0,,
3,boundary,Static,Black,258.5,128.0,0.0,5.0,256.0,,
4,bar,Static,Purple,128.0,2.559999942779541,0.0,256.0,5.12,,
5,jar,Dynamic,Gray,72.53374481201172,7.531086444854736,2.343170672247652e-05,51.377470202847135,15.062172889709473,34.13333333333334,
6,circle,Dynamic,Green,72.53333282470703,191.68365478515625,,,,,12.5
7,User Circle,Dynamic,Red,49,148,,,,,31
