object_id,type,state,color,x,y,angle,length,width,base_length,radius
0,boundary,Static,Black,128.0,-2.5,0.0,256.0,5.0,,
1,boundary,Static,Black,-2.5,128.0,0.0,5.0,256.0,,
2,boundary,Static,Black,128.0,258.5,0.0,256.0,5.0,,
3,boundary,Static,Black,258.5,128.0,0.0,5.0,256.0,,
4,bar,Static,Purple,165.5879669189453,164.2085723876953,0.45814892649650574,204.8,5.12,,
5,bar,Static,Black,22.070985794067383,179.9840545654297,-0.39269909262657166,51.2,5.12,,
6,circle,Dynamic,Green,85.33333587646484,242.8836669921875,,,,,12.5
7,User Circle,Dynamic,Red,75,186,,,,,30
