object_id,type,state,color,x,y,angle,length,width,base_length,radius
0,boundary,Static,Black,128.0,-2.5,0.0,256.0,5.0,,
1,boundary,Static,Black,-2.5,128.0,0.0,5.0,256.0,,
2,boundary,Static,Black,128.0,258.5,0.0,256.0,5.0,,
3,boundary,Static,Black,258.5,128.0,0.0,5.0,256.0,,
4,bar,Static,Purple,212.93951416015625,121.68368530273438,0.5235987901687622,102.39999999999998,5.12,,
5,bar,Static,Black,69.37361907958984,176.82188415527344,-0.39269909262657166,153.60000000000002,5.12,,
6,circle,Dynamic,Green,119.4666748046875,242.8836669921875,,,,,12.5
7,User Circle,Dynamic,Red,191,185,,,,,28
