object_id,type,state,color,x,y,angle,length,width,base_length,radius
0,boundary,Static,Black,128.0,-2.5,0.0,256.0,5.0,,
1,boundary,Static,Black,-2.5,128.0,0.0,5.0,256.0,,
2,boundary,Static,Black,128.0,258.5,0.0,256.0,5.0,,
3,boundary,Static,Black,258.5,128.0,0.0,5.0,256.0,,
4,bar,Static,Purple,233.16973876953125,46.076316833496094,0.2617993950843811,51.19999999999999,5.12,,
5,bar,Static,Black,90.41202545166016,135.76412963867188,-0.45814892649650574,204.8,5.12,,
6,circle,Dynamic,Green,204.80001831054688,242.8836669921875,,,,,12.5
7,User Circle,Dynamic,Red,191,185,,,,,28
